{
  "id": "4215199",
  "name": "兔兔科技工作室图标库",
  "font_family": "iconfont",
  "css_prefix_text": "icon-",
  "description": "",
  "glyphs": [
    {
      "icon_id": "37009521",
      "name": "拒绝",
      "font_class": "r-no",
      "unicode": "e61b",
      "unicode_decimal": 58907
    },
    {
      "icon_id": "37009520",
      "name": "刷新",
      "font_class": "r-refresh",
      "unicode": "e61c",
      "unicode_decimal": 58908
    },
    {
      "icon_id": "37009518",
      "name": "同意",
      "font_class": "r-yes",
      "unicode": "e61d",
      "unicode_decimal": 58909
    },
    {
      "icon_id": "37009517",
      "name": "建筑",
      "font_class": "r-building",
      "unicode": "e61e",
      "unicode_decimal": 58910
    },
    {
      "icon_id": "37009519",
      "name": "团队",
      "font_class": "r-team",
      "unicode": "e61f",
      "unicode_decimal": 58911
    },
    {
      "icon_id": "37009516",
      "name": "右",
      "font_class": "r-right",
      "unicode": "e620",
      "unicode_decimal": 58912
    },
    {
      "icon_id": "36984024",
      "name": "查找",
      "font_class": "r-find",
      "unicode": "e610",
      "unicode_decimal": 58896
    },
    {
      "icon_id": "36984020",
      "name": "新增",
      "font_class": "r-add",
      "unicode": "e611",
      "unicode_decimal": 58897
    },
    {
      "icon_id": "36984023",
      "name": "修改",
      "font_class": "r-edit",
      "unicode": "e612",
      "unicode_decimal": 58898
    },
    {
      "icon_id": "36984022",
      "name": "用户2",
      "font_class": "r-user2",
      "unicode": "e613",
      "unicode_decimal": 58899
    },
    {
      "icon_id": "36984021",
      "name": "删除",
      "font_class": "r-delete",
      "unicode": "e614",
      "unicode_decimal": 58900
    },
    {
      "icon_id": "36984014",
      "name": "锁",
      "font_class": "r-lock",
      "unicode": "e615",
      "unicode_decimal": 58901
    },
    {
      "icon_id": "36984016",
      "name": "草纸",
      "font_class": "r-paper",
      "unicode": "e616",
      "unicode_decimal": 58902
    },
    {
      "icon_id": "36984015",
      "name": "齿轮",
      "font_class": "r-setting",
      "unicode": "e617",
      "unicode_decimal": 58903
    },
    {
      "icon_id": "36984013",
      "name": "列表",
      "font_class": "r-list",
      "unicode": "e618",
      "unicode_decimal": 58904
    },
    {
      "icon_id": "36984012",
      "name": "房子",
      "font_class": "r-home",
      "unicode": "e619",
      "unicode_decimal": 58905
    },
    {
      "icon_id": "36984011",
      "name": "盾牌",
      "font_class": "r-shield",
      "unicode": "e61a",
      "unicode_decimal": 58906
    },
    {
      "icon_id": "36984025",
      "name": "用户3",
      "font_class": "r-user3",
      "unicode": "e60f",
      "unicode_decimal": 58895
    },
    {
      "icon_id": "36983993",
      "name": "印章",
      "font_class": "r-mark1",
      "unicode": "e609",
      "unicode_decimal": 58889
    },
    {
      "icon_id": "36983994",
      "name": "用户1",
      "font_class": "r-user1",
      "unicode": "e60a",
      "unicode_decimal": 58890
    },
    {
      "icon_id": "36983995",
      "name": "爱心",
      "font_class": "r-love",
      "unicode": "e60b",
      "unicode_decimal": 58891
    },
    {
      "icon_id": "36983996",
      "name": "水滴",
      "font_class": "r-mark2",
      "unicode": "e60c",
      "unicode_decimal": 58892
    },
    {
      "icon_id": "36983997",
      "name": "波纹",
      "font_class": "r-mark3",
      "unicode": "e60d",
      "unicode_decimal": 58893
    },
    {
      "icon_id": "36983998",
      "name": "阳光",
      "font_class": "r-mark4",
      "unicode": "e60e",
      "unicode_decimal": 58894
    }
  ]
}
